analysis,note,status
dataset,docs/thesis_design/PROPOSED_THESIS_DISCUSSION_2026-09-09.md,drafted_prose_excluded
assessment,docs/thesis_design/PROPOSED_THESIS_DISCUSSION_2026-09-09.md,drafted_prose_excluded
deeper,docs/thesis_design/PROPOSED_THESIS_DISCUSSION_2026-09-09.md,drafted_prose_excluded
regional,docs/thesis_design/PROPOSED_THESIS_DISCUSSION_2026-09-09.md,drafted_prose_excluded
official_policy,docs/thesis_design/PROPOSED_THESIS_DISCUSSION_2026-09-09.md,drafted_prose_excluded
pv_interpretation,docs/thesis_design/PROPOSED_THESIS_DISCUSSION_2026-09-09.md,drafted_prose_excluded
pv_followup,docs/thesis_design/PROPOSED_THESIS_DISCUSSION_2026-09-09.md,drafted_prose_excluded
benchmark_inference,docs/thesis_design/PROPOSED_THESIS_DISCUSSION_2026-09-09.md,drafted_prose_excluded
repayment_influence,docs/thesis_design/PROPOSED_THESIS_DISCUSSION_2026-09-09.md,drafted_prose_excluded
benchmark_inference,docs/governance/P15_CURRENT_RESEARCH_DIRECTION.md,live
repayment_influence,docs/governance/P15_CURRENT_RESEARCH_DIRECTION.md,live
benchmark_inference,docs/PROJECT_STATUS.md,live
repayment_influence,docs/PROJECT_STATUS.md,live
benchmark_inference,docs/ASSUMPTIONS_AND_LIMITATIONS.md,live
repayment_influence,docs/ASSUMPTIONS_AND_LIMITATIONS.md,live
benchmark_inference,docs/thesis_design/novelty_check_2026-09-09/NOVELTY_CHECK.md,live
repayment_influence,docs/thesis_design/novelty_check_2026-09-09/NOVELTY_CHECK.md,live
dataset,docs/RESEARCH_OVERVIEW.md,live
assessment,docs/RESEARCH_OVERVIEW.md,live
deeper,docs/RESEARCH_OVERVIEW.md,live
regional,docs/RESEARCH_OVERVIEW.md,live
policy,docs/RESEARCH_OVERVIEW.md,live
official_policy,docs/RESEARCH_OVERVIEW.md,live
pv_first,docs/RESEARCH_OVERVIEW.md,live
bullet,docs/RESEARCH_OVERVIEW.md,live
pv_interpretation,docs/RESEARCH_OVERVIEW.md,live
pv_followup,docs/RESEARCH_OVERVIEW.md,live
peer_geography_validation,docs/RESEARCH_OVERVIEW.md,live
dataset,docs/governance/P15_CURRENT_RESEARCH_DIRECTION.md,live
regional,docs/governance/P15_CURRENT_RESEARCH_DIRECTION.md,live
official_policy,docs/governance/P15_CURRENT_RESEARCH_DIRECTION.md,live
pv_interpretation,docs/governance/P15_CURRENT_RESEARCH_DIRECTION.md,live
peer_geography_validation,docs/governance/P15_CURRENT_RESEARCH_DIRECTION.md,live
dataset,docs/PROJECT_STATUS.md,live
dataset,docs/METHODOLOGY.md,live
regional,docs/METHODOLOGY.md,live
official_policy,docs/METHODOLOGY.md,live
pv_interpretation,docs/METHODOLOGY.md,live
pv_followup,docs/METHODOLOGY.md,live
peer_geography_validation,docs/METHODOLOGY.md,live
dataset,docs/ASSUMPTIONS_AND_LIMITATIONS.md,live
regional,docs/ASSUMPTIONS_AND_LIMITATIONS.md,live
official_policy,docs/ASSUMPTIONS_AND_LIMITATIONS.md,live
pv_interpretation,docs/ASSUMPTIONS_AND_LIMITATIONS.md,live
pv_followup,docs/ASSUMPTIONS_AND_LIMITATIONS.md,live
peer_geography_validation,docs/ASSUMPTIONS_AND_LIMITATIONS.md,live
regional,docs/thesis_design/THESIS_ARCHITECTURE_HANDOFF_2026-09-08.md,preserved_versioned
official_policy,docs/thesis_design/THESIS_ARCHITECTURE_HANDOFF_2026-09-08.md,preserved_versioned
pv_interpretation,docs/thesis_design/THESIS_ARCHITECTURE_HANDOFF_2026-09-08.md,preserved_versioned
assessment,docs/governance/P15_DATASET_ASSESSMENT_RESULTS_2026-09-08.md,preserved_versioned
deeper,docs/governance/P15_DEEPER_ASSESSMENT_RESULTS_2026-09-08.md,preserved_versioned
regional,docs/governance/P15_REGIONAL_ASSESSMENT_RESULTS_2026-09-08.md,preserved_versioned
policy,docs/governance/P15_POLICY_COMPARISON_RESULTS_2026-09-08.md,preserved_versioned
official_policy,docs/governance/P15_OFFICIAL_DAC_COMPARISON_RESULTS_2026-09-08.md,preserved_versioned
dac,docs/governance/P15_OFFICIAL_DAC_COMPARISON_RESULTS_2026-09-08.md,preserved_versioned
pv_first,docs/governance/P15_PV_FIRST_PASS_RESULTS_2026-09-09.md,preserved_versioned
bullet,docs/governance/P15_BULLET_EXTENSION_RESULTS_2026-09-09.md,preserved_versioned
pv_interpretation,docs/governance/P15_PV_INTERPRETATION_RESULTS_2026-09-09.md,preserved_versioned
pv_followup,docs/governance/P15_PV_RATINGS_IBRD_AND_REVERSALS_2026-09-09.md,preserved_versioned
pv_three_block,docs/governance/P15_PV_RATINGS_IBRD_AND_REVERSALS_2026-09-09.md,preserved_versioned
peer_geography_validation,docs/governance/P15_PEER_GEOGRAPHY_COMPARISON_RESULTS_2026-09-09.md,preserved_versioned
benchmark_inference,docs/thesis_design/feedback_2026-09-10/BENCHMARK_INFERENCE_RESULTS.md,preserved_versioned
repayment_influence,docs/thesis_design/feedback_2026-09-10/REPAYMENT_INFLUENCE_RESULTS.md,preserved_versioned
benchmark_inference,docs/thesis_design/feedback_2026-09-10/RESPONSE_AND_WORK_RECORD.md,preserved_versioned
repayment_influence,docs/thesis_design/feedback_2026-09-10/RESPONSE_AND_WORK_RECORD.md,preserved_versioned
benchmark_inference,docs/governance/P15_THESIS_DIAGNOSTIC_VERSION_CLARIFICATION_2026-09-10.md,preserved_versioned
repayment_influence,docs/governance/P15_THESIS_DIAGNOSTIC_VERSION_CLARIFICATION_2026-09-10.md,preserved_versioned
loan_comparisons,docs/thesis_design/PROPOSED_THESIS_DISCUSSION_2026-09-09.md,drafted_prose_excluded
loan_comparisons,docs/governance/P15_CURRENT_RESEARCH_DIRECTION.md,live
loan_comparisons,docs/PROJECT_STATUS.md,live
loan_comparisons,docs/ASSUMPTIONS_AND_LIMITATIONS.md,live
loan_comparisons,docs/thesis_design/loan_valuations_2026-09-10/RESULTS.md,preserved_versioned
loan_period_inference,docs/thesis_design/PROPOSED_THESIS_DISCUSSION_2026-09-09.md,drafted_prose_excluded
loan_period_inference,docs/governance/P15_CURRENT_RESEARCH_DIRECTION.md,live
loan_period_inference,docs/PROJECT_STATUS.md,live
loan_period_inference,docs/ASSUMPTIONS_AND_LIMITATIONS.md,live
loan_period_inference,docs/thesis_design/loan_period_followup_2026-09-10/INFERENCE_RESULTS.md,preserved_versioned
loan_comparisons,docs/thesis_design/loan_period_followup_2026-09-10/POLICY_RATE_HISTORY.md,preserved_versioned
loan_period_inference,docs/thesis_design/loan_period_followup_2026-09-10/RESULTS.md,preserved_versioned
loan_comparisons,docs/thesis_design/loan_period_followup_2026-09-10/RESULTS.md,preserved_versioned
loan_period_inference,docs/thesis_design/loan_period_followup_2026-09-10/INFERENCE_INDEPENDENT_REVIEW.md,preserved_versioned
loan_comparisons,docs/thesis_design/standardized_reference_choice_2026-09-10/DECISION_AND_IMPLEMENTATION.md,preserved_versioned
loan_comparisons,docs/thesis_design/standardized_reference_choice_2026-09-10/CONSISTENCY_REVIEW.md,preserved_versioned
official_policy,docs/thesis_design/standardized_reference_choice_2026-09-10/CONSISTENCY_REVIEW.md,preserved_versioned
loan_comparisons,docs/thesis_design/standardized_reference_choice_2026-09-10/RESULTS.md,preserved_versioned
loan_period_inference,docs/thesis_design/standardized_reference_choice_2026-09-10/RESULTS.md,preserved_versioned
regional_followup,docs/thesis_design/feedback_2026-09-11/REGIONAL_FINDINGS.md,preserved_versioned
regional_followup,docs/thesis_design/PROPOSED_THESIS_DISCUSSION_2026-09-09.md,drafted_prose_excluded
regional_followup,docs/governance/P15_CURRENT_RESEARCH_DIRECTION.md,live
regional_followup,docs/PROJECT_STATUS.md,live
regional_followup,docs/ASSUMPTIONS_AND_LIMITATIONS.md,live
statistical_review,docs/thesis_design/feedback_2026-09-11/STATISTICAL_REVIEW.md,preserved_versioned
statistical_review,docs/thesis_design/PROPOSED_THESIS_DISCUSSION_2026-09-09.md,drafted_prose_excluded
statistical_review,docs/governance/P15_CURRENT_RESEARCH_DIRECTION.md,live
statistical_review,docs/PROJECT_STATUS.md,live
statistical_review,docs/ASSUMPTIONS_AND_LIMITATIONS.md,live
crs_application,docs/thesis_design/feedback_2026-09-11/CRS_APPLICATION_REVIEW.md,preserved_versioned
crs_application,docs/thesis_design/PROPOSED_THESIS_DISCUSSION_2026-09-09.md,drafted_prose_excluded
crs_application,docs/governance/P15_CURRENT_RESEARCH_DIRECTION.md,live
crs_application,docs/PROJECT_STATUS.md,live
crs_application,docs/ASSUMPTIONS_AND_LIMITATIONS.md,live
source_overlap_currency,docs/thesis_design/feedback_2026-09-11/DATASET_OVERLAP_AND_CURRENCY.md,preserved_versioned
source_overlap_currency,docs/thesis_design/PROPOSED_THESIS_DISCUSSION_2026-09-09.md,drafted_prose_excluded
source_overlap_currency,docs/governance/P15_CURRENT_RESEARCH_DIRECTION.md,live
source_overlap_currency,docs/PROJECT_STATUS.md,live
source_overlap_currency,docs/ASSUMPTIONS_AND_LIMITATIONS.md,live
crs_companions,docs/thesis_design/feedback_2026-09-11/CRS_APPLICATION_REVIEW.md,preserved_versioned
crs_companions,docs/thesis_design/PROPOSED_THESIS_DISCUSSION_2026-09-09.md,drafted_prose_excluded
crs_companions,docs/governance/P15_CURRENT_RESEARCH_DIRECTION.md,live
crs_companions,docs/PROJECT_STATUS.md,live
crs_companions,docs/ASSUMPTIONS_AND_LIMITATIONS.md,live
dataset,docs/thesis_design/feedback_2026-09-11/RESPONSE_AND_WORK_RECORD.md,preserved_versioned
dataset,docs/thesis_design/feedback_2026-09-11/CONSTRUCTION_PROVENANCE.md,preserved_versioned
dataset,docs/thesis_design/feedback_2026-09-11/CONCEPTS_AND_POLICY_USES.md,preserved_versioned
dataset,docs/thesis_design/feedback_2026-09-11/LITERATURE_AND_METHOD_SOURCES.md,preserved_versioned
dataset,docs/thesis_design/feedback_2026-09-11/OWNER_ANNOTATIONS.md,preserved_versioned
dataset,docs/thesis_design/feedback_2026-09-11/OWNER_DECISION_ADDENDUM.md,preserved_versioned
crs_modern_summary,docs/thesis_design/feedback_2026-09-11_followup/CRS_MODERN_RESULTS.md,preserved_versioned
crs_modern_summary,docs/thesis_design/PROPOSED_THESIS_DISCUSSION_2026-09-09.md,drafted_prose_excluded
crs_modern_summary,docs/governance/P15_CURRENT_RESEARCH_DIRECTION.md,live
crs_modern_summary,docs/PROJECT_STATUS.md,live
crs_modern_summary,docs/ASSUMPTIONS_AND_LIMITATIONS.md,live
gbohoui_context,docs/thesis_design/feedback_2026-09-11_followup/GBOHOUI_CONTEXT_FOLLOWUP.md,preserved_versioned
gbohoui_context,docs/thesis_design/PROPOSED_THESIS_DISCUSSION_2026-09-09.md,drafted_prose_excluded
gbohoui_context,docs/governance/P15_CURRENT_RESEARCH_DIRECTION.md,live
gbohoui_context,docs/PROJECT_STATUS.md,live
gbohoui_context,docs/ASSUMPTIONS_AND_LIMITATIONS.md,live
panel_disbursement,docs/thesis_design/feedback_2026-09-11_followup/PANEL_DISBURSEMENT_SENSITIVITY.md,preserved_versioned
panel_disbursement,docs/thesis_design/PROPOSED_THESIS_DISCUSSION_2026-09-09.md,drafted_prose_excluded
panel_disbursement,docs/governance/P15_CURRENT_RESEARCH_DIRECTION.md,live
panel_disbursement,docs/PROJECT_STATUS.md,live
panel_disbursement,docs/ASSUMPTIONS_AND_LIMITATIONS.md,live
dataset,docs/thesis_design/feedback_2026-09-11_followup/OWNER_ANNOTATIONS.md,preserved_versioned
dataset,docs/thesis_design/feedback_2026-09-11_followup/RESEARCH_STRAND_AUDIT.md,preserved_versioned
dataset,docs/thesis_design/feedback_2026-09-11_followup/IDS_GRANT_ELEMENT_CONVENTIONS.md,preserved_versioned
dataset,docs/thesis_design/feedback_2026-09-11_followup/TODO_STATUS_CORRECTIONS.md,preserved_versioned
dataset,docs/PROJECT_CONCEPT_DIAGRAMS.md,live
dataset,docs/DECISIONS.md,live
dataset,docs/WORKLOG.md,live
dataset,docs/OPEN_TODOS.md,live
dataset,docs/thesis_design/PEER_REVISION_ANALYSIS_UPDATE_2026-09-12.md,live
dataset,docs/governance/P15_RESEARCH_ALTERNATIVES_INDEX.md,live
dataset,docs/thesis_design/THESIS_EVIDENCE_MAP_2026-09-08.md,live
rating_nested,docs/governance/P15_CURRENT_RESEARCH_DIRECTION.md,live
rating_nested,docs/thesis_design/PEER_REVISION_ANALYSIS_UPDATE_2026-09-12.md,live
peer_description,docs/governance/P15_CURRENT_RESEARCH_DIRECTION.md,live
peer_description,docs/thesis_design/PEER_REVISION_ANALYSIS_UPDATE_2026-09-12.md,live
rating_gap_influence,docs/governance/P15_CURRENT_RESEARCH_DIRECTION.md,live
rating_gap_influence,docs/thesis_design/PEER_REVISION_ANALYSIS_UPDATE_2026-09-12.md,live
dataset,docs/governance/P15_MASTER_WORKFLOW.md,live
